{
    "app_name": "focused-crawler-reduced-cfg-6",
    "description": "",
    "version": "0.1",
    "topology": {
        "bolts": [
            {
                "id": "WpDeserializer",
                "parallelism": 4,
                "subs": [
                    "wpSpout"
                ],
                "alpha":    0.5,
                "sigma":    1.0,
                "d":        0.0,
                "min_ttf":  1000
            },
            {
                "id": "expander",
                "parallelism": 10,
                "subs": [
                    "WpDeserializer"
                ],
                "alpha":    0.2,
                "sigma":    0.4,
                "d":        0.0,
                "min_ttf":  1000
            },
            {
                "id": "articleExtraction",
                "parallelism": 4,
                "subs": [
                    "expander"
                ],
                "alpha":    0.05,
                "sigma":    1.0,
                "d":        0.0,
                "min_ttf":  1000
            },
            {
                "id": "mediaExtraction",
                "parallelism": 4,
                "subs": [
                    "expander"
                ],
                "alpha":    0.05,
                "sigma":    1.0,
                "d":        0.0,
                "min_ttf":  1000
            }
        ],
        "spouts": [
            {
                "id": "wpSpout",
                "avg_emit_rate":1.0
            }
        ],
        "min_reboot_time":10,
        "max_reboot_time":100,
        "max_idle_time":  1.0,
        "init_queues":4,
        "queue_threshold": 0
    },
    "verification_params":
    {
      "plugin" : ["ae2bvzot", "ae2sbvzot"],
      "max_time" :  20000,
      "base_quantity":10,
      "num_steps":20,
      "periodic_queues":["WpDeserializer", "expander", "articleExtraction","mediaExtraction"],
      "strictly_monotonic_queues": ["expander"]
    }
}
